index, depots, plants, distance 
1,1,1,1752.5209157212755 
2,1,2,1752.5237393208479 
3,1,3,410.92153853833696 
4,1,4,117.7990756280684 
5,1,5,121.69406231088055 
6,1,6,120.38851853590675 
7,1,7,116.30594562723192 
8,1,8,111.12158956894073 
9,1,9,1142.8552479231914 
10,1,10,441.40240288987496 
11,1,11,437.73553619892266 
12,3,1,1752.9394747506828 
13,3,2,1752.9426472465625 
14,3,3,416.47425641500797 
15,3,4,123.48266929831446 
16,3,5,127.87383070487428 
17,3,6,126.16446439773155 
18,3,7,122.0329420212425 
19,3,8,115.79427802870124 
20,3,9,1145.079999025543 
21,3,10,440.1015145932452 
22,3,11,436.57171589351566 
23,50,1,84.48986278831532 
24,50,2,84.49727555647941 
25,50,3,1449.7458103823185 
26,50,4,1600.3355071657736 
27,50,5,1615.3080007293306 
28,50,6,1601.6335446489586 
29,50,7,1602.3427514247962 
30,50,8,1583.6732389204685 
31,50,9,646.2983770838415 
32,50,10,1246.504231802097 
33,50,11,1247.0055586521514 
34,64,1,134.85835183901412 
35,64,2,134.87610115113932 
36,64,3,1406.836879568657 
37,64,4,1553.1056046989293 
38,64,5,1568.2508646961248 
39,64,6,1554.457390018566 
40,64,7,1555.1061598428007 
41,64,8,1536.1296592517276 
42,64,9,613.7321097931994 
43,64,10,1196.5678801717684 
44,64,11,1197.1836793663858 
45,74,1,138.31121262517027 
46,74,2,138.33727795871857 
47,74,3,1409.6599792783727 
48,74,4,1553.5998584611275 
49,74,5,1568.852807564709 
50,74,6,1554.985686807875 
51,74,7,1555.5959492764935 
52,74,8,1536.4221639878565 
53,74,9,620.5928764163131 
54,74,10,1195.0176407135243 
55,74,11,1195.7432380147025 
56,98,1,85.02488848106573 
57,98,2,84.947126426162 
58,98,3,1477.442873878087 
59,98,4,1641.6464277062328 
60,98,5,1655.965624205617 
61,98,6,1642.7457832588655 
62,98,7,1643.6749486215679 
63,98,8,1626.174981912255 
64,98,9,653.2614904898077 
65,98,10,1299.8233384361793 
66,98,11,1299.756221753547 
67,179,1,97.92630198396411 
68,179,2,97.92017494991934 
69,179,3,1433.8751603374835 
70,179,4,1586.4868787774549 
71,179,5,1601.3534053033457 
72,179,6,1587.7519729425542 
73,179,7,1588.4980386152658 
74,179,8,1570.0231825746791 
75,179,9,628.1031805251254 
76,179,10,1234.8443066963036 
77,179,11,1235.2254576826383 
78,562,1,127.39125391824777 
79,562,2,127.45797445076613 
80,562,3,1468.4873631408486 
81,562,4,1604.3804713953414 
82,562,5,1620.0239142010494 
83,562,6,1605.8923440715162 
84,562,7,1606.358529154243 
85,562,8,1586.4560621565956 
86,562,9,689.7395042160409 
87,562,10,1238.0010895787548 
88,562,11,1239.1899809025567 
89,597,1,144.98066086649334 
90,597,2,145.05603616790503 
91,597,3,1481.8368941058275 
92,597,4,1613.3712910876754 
93,597,5,1629.2062288319148 
94,597,6,1614.9462798395687 
95,597,7,1615.3394318909175 
96,597,8,1595.0788496142095 
97,597,9,710.3817499285228 
98,597,10,1243.438011833284 
99,597,11,1244.8407103489278 
100,662,1,1639.0685966174894 
101,662,2,1639.0736999393973 
102,662,3,389.89845369522936 
103,662,4,142.10734562734964 
104,662,5,159.5783097338514 
105,662,6,146.21846970030538 
106,662,7,142.40490273734386 
107,662,8,114.77787795372613 
108,662,9,1046.5853514587911 
109,662,10,320.8248383963776 
110,662,11,317.48826091825043 
111,676,1,1649.0056043413042 
112,676,2,1649.0125189445996 
113,676,3,424.0680800212978 
114,676,4,172.0761160557437 
115,676,5,188.49905106689448 
116,676,6,176.18533808267313 
117,676,7,172.1503640428705 
118,676,8,145.82486135365366 
119,676,9,1066.3278919865038 
120,676,10,323.6635686395292 
121,676,11,321.3218122931166 
122,693,1,1739.7383810948218 
123,693,2,1739.7419541199563 
124,693,3,414.65769168818275 
125,693,4,123.02319046894766 
126,693,5,129.68986547823997 
127,693,6,126.06686750488701 
128,693,7,121.76720909345329 
129,693,8,111.89499091164437 
130,693,9,1134.4939909193936 
131,693,10,425.4142493604189 
132,693,11,421.9772127570115 
133,705,1,1755.949380483205 
134,705,2,1755.954640891437 
135,705,3,450.4502925110307 
136,705,4,159.3137266873262 
137,705,5,165.86374792808192 
138,705,6,162.37837095811338 
139,705,7,158.0720591851918 
140,705,8,147.22242669304367 
141,705,9,1159.1246316722759 
142,705,10,434.3885283130261 
143,705,11,431.7106104580319 
144,718,1,1693.543375441961 
145,718,2,1693.5482174228878 
146,718,3,409.66161616549755 
147,718,4,132.33856409008584 
148,718,5,145.4156561693919 
149,718,6,136.218485695356 
150,718,7,131.82883072797696 
151,718,8,111.10609740906533 
152,718,9,1097.0661681462636 
153,718,10,374.87797726531426 
154,718,11,371.7433825045915 
155,722,1,1714.5241687198181 
156,722,2,1714.5292720993073 
157,722,3,424.65358728675125 
158,722,4,140.9838244852807 
159,722,5,151.87202827175733 
160,722,6,144.628232649901 
161,722,7,140.18988298905086 
162,722,8,122.8455244273541 
163,722,9,1118.567073998486 
164,722,10,394.31305127159396 
165,722,11,391.398163707013 
166,723,1,1721.912507835762 
167,723,2,1721.9179330783845 
168,723,3,433.7595907879689 
169,723,4,148.86706155984297 
170,723,5,159.1107309440639 
171,723,6,152.43719224291485 
172,723,7,148.00128115148507 
173,723,8,131.51562352159686 
174,723,9,1127.4074591155666 
175,723,10,400.3543909041667 
176,723,11,397.613213024836 
177,732,1,1687.8781817478466 
178,732,2,1687.8837777266508 
179,732,3,419.18308236923036 
180,732,4,145.86094763683184 
181,732,5,159.54581019336564 
182,732,6,149.80265536162253 
183,732,7,145.449235085205 
184,732,8,123.50014483623364 
185,732,9,1095.8308056134927 
186,732,10,366.3469123907907 
187,732,11,363.53057175601094 
188,734,1,1688.4938482793605 
189,734,2,1688.4998046782785 
190,734,3,425.378484481678 
191,734,4,152.60384205303353 
192,734,5,166.24793436337694 
193,734,6,156.54416004906744 
194,734,7,152.18946971296506 
195,734,8,130.2064803180366 
196,734,9,1098.4346896608201 
197,734,10,365.6528501524274 
198,734,11,363.009054566255 
199,1296,1,82.15964018466941 
200,1296,2,82.24930043895267 
201,1296,3,1545.0670811546408 
202,1296,4,1685.2174377918407 
203,1296,5,1700.7208513385774 
204,1296,6,1686.684274890699 
205,1296,7,1687.2021628563523 
206,1296,8,1667.5473511887174 
207,1296,9,753.2695600813954 
208,1296,10,1320.6401690586429 
209,1296,11,1321.7645872779262 
210,1454,1,1797.1281183375643 
211,1454,2,1797.125669550495 
212,1454,3,368.10988527349457 
213,1454,4,112.8759654680825 
214,1454,5,98.36073472435842 
215,1454,6,111.53878944762965 
216,1454,7,110.88436668629966 
217,1454,8,132.29043261808755 
218,1454,9,1160.1964584458772 
219,1454,10,516.4614014511849 
220,1454,11,511.2585132489277 
221,1456,1,1810.7889751730754 
222,1456,2,1810.7865197519382 
223,1456,3,378.65326558348295 
224,1456,4,126.53437025919008 
225,1456,5,111.95958737782088 
226,1456,6,125.19937131337751 
227,1456,7,124.54133033006143 
228,1456,8,145.7197506974099 
229,1456,9,1173.4579328230568 
230,1456,10,529.2208422203357 
231,1456,11,524.0940414354982 
232,1457,1,1783.5049152304894 
233,1457,2,1783.5028168476547 
234,1457,3,362.25775910042796 
235,1457,4,99.23474067909828 
236,1457,5,85.8025874515677 
237,1457,6,98.16387570796823 
238,1457,7,97.21251277411069 
239,1457,8,117.61318144482715 
240,1457,9,1148.5715672311474 
241,1457,10,501.24944454675466 
242,1457,11,496.07065040563066 
243,1460,1,1790.4027820810666 
244,1460,2,1790.401021787856 
245,1460,3,371.82881289463114 
246,1460,4,106.50660099418789 
247,1460,5,93.93690828579167 
248,1460,6,105.6741656333319 
249,1460,7,104.46339791907624 
250,1460,8,123.48964677468823 
251,1460,9,1156.8485696680543 
252,1460,10,505.24172461054604 
253,1460,11,500.20700223882056 
254,1461,1,1804.0612190176191 
255,1461,2,1804.0594467463864 
256,1461,3,382.01920177334546 
257,1461,4,120.10239652909569 
258,1461,5,107.21537259257147 
259,1461,6,119.21385315825594 
260,1461,7,118.06259592052507 
261,1461,8,137.09240237064608 
262,1461,9,1170.0656395860085 
263,1461,10,518.0958619157605 
264,1461,11,513.1355220230785 
265,1474,1,1810.8276630742382 
266,1474,2,1810.8255460364087 
267,1474,3,382.8856560581456 
268,1474,4,126.54056414252294 
269,1474,5,112.72615464327247 
270,1474,6,125.41579312522826 
271,1474,7,124.52197584339822 
272,1474,8,144.65536591987075 
273,1474,9,1175.0490184174887 
274,1474,10,526.8433739503386 
275,1474,11,521.8169055425493 
276,1476,1,1831.3178012606222 
277,1476,2,1831.3156709711318 
278,1476,3,398.887779582777 
279,1476,4,147.0228132659475 
280,1476,5,133.02527570236657 
281,1476,6,145.87109076247103 
282,1476,7,145.00609807501925 
283,1476,8,164.9952785007443 
284,1476,9,1194.9317202301017 
285,1476,10,546.1441866475118 
286,1476,11,541.2236048843657 
287,1483,1,1838.1520478704585 
288,1483,2,1838.1499129506142 
289,1483,3,404.3118259190706 
290,1483,4,153.8549095179289 
291,1483,5,139.80771328748747 
292,1483,6,152.69566587314273 
293,1483,7,151.83872996802472 
294,1483,8,171.7881176299038 
295,1483,9,1201.566600659103 
296,1483,10,552.6026441593239 
297,1483,11,547.7158094912154 
298,1514,1,1844.966944153517 
299,1514,2,1844.9634740663482 
300,1514,3,394.40622475096234 
301,1514,4,162.37867671706246 
302,1514,5,146.12820464927805 
303,1514,6,160.56937010520258 
304,1514,7,160.46417230528 
305,1514,8,183.52757838858196 
306,1514,9,1202.2081657307274 
307,1514,10,568.4692245586316 
308,1514,11,563.2376395391126 
309,1524,1,1824.476697874577 
310,1524,2,1824.473226682455 
311,1524,3,377.4727826451902 
312,1524,4,142.11983878256083 
313,1524,5,125.69597640609149 
314,1524,6,140.24170287028878 
315,1524,7,140.22160197060452 
316,1524,8,163.76260340945785 
317,1524,9,1182.213169920228 
318,1524,10,549.4359103339885 
319,1524,11,544.0944697290965 
320,1530,1,1818.598813202515 
321,1530,2,1818.5990538804176 
322,1530,3,419.2882825430446 
323,1530,4,142.62038475149575 
324,1530,5,134.26364141409135 
325,1530,6,142.85774185082482 
326,1530,7,140.57626406633335 
327,1530,8,152.66841554475084 
328,1530,9,1193.7487966052836 
329,1530,10,518.9503045719854 
330,1530,11,514.7004103921232 
331,1535,1,1825.6608954206195 
332,1535,2,1825.6614589728092 
333,1535,3,428.864081323625 
334,1535,4,151.44133791666806 
335,1535,5,143.47977758651453 
336,1535,6,151.77932923503903 
337,1535,7,149.40482134229833 
338,1535,8,160.693686752543 
339,1535,9,1202.1692102682239 
340,1535,10,523.856579326378 
341,1535,11,519.7456498725445 
342,1558,1,1793.0656673214985 
343,1558,2,1793.0680128736458 
344,1558,3,430.2994046022493 
345,1558,4,139.8813404002687 
346,1558,5,138.19779744166513 
347,1558,6,141.5024552485285 
348,1558,7,138.05500996751687 
349,1558,8,140.4991943027322 
350,1558,9,1179.4988371407144 
351,1558,10,482.98522031930975 
352,1558,11,479.336166627803 
353,1564,1,1600.734047487786 
354,1564,2,1600.718718949512 
355,1564,3,71.62801845958509 
356,1564,4,252.0735888863371 
357,1564,5,246.96847589814345 
358,1564,6,248.9990218240231 
359,1564,7,253.3000861702555 
360,1564,8,267.8190087663074 
361,1564,9,916.9622002367278 
362,1564,10,497.2471815349408 
363,1564,11,488.189328388794 
364,1573,1,1609.2627174274626 
365,1573,2,1609.2497268386296 
366,1573,3,97.27231462498784 
367,1573,4,209.4653500780668 
368,1573,5,204.8137950643179 
369,1573,6,206.4382705941883 
370,1573,7,210.7191457824908 
371,1573,8,225.0581026539199 
372,1573,9,933.4409928074979 
373,1573,10,471.70908323078277 
374,1573,11,462.9336178248173 
375,1574,1,1601.7524586285847 
376,1574,2,1601.7398037128912 
377,1574,3,95.08393403398053 
378,1574,4,206.2291415917494 
379,1574,5,202.4320212265514 
380,1574,6,203.32766051326553 
381,1574,7,207.55295110071606 
382,1574,8,220.82515237712073 
383,1574,9,927.3120421473008 
384,1574,10,462.1965973776926 
385,1574,11,453.4086516495456 
386,1590,1,1492.8221344226563 
387,1590,2,1492.8059348325417 
388,1590,3,38.33480675097727 
389,1590,4,311.16720895136916 
390,1590,5,312.3073220046732 
391,1590,6,309.1408974067412 
392,1590,7,312.86126956513027 
393,1590,8,318.3280176746881 
394,1590,9,808.1661706567254 
395,1590,10,447.55013420160606 
396,1590,11,437.9419060981847 
397,1596,1,1591.1659267165219 
398,1596,2,1591.1489940763781 
399,1596,3,61.084358207139665 
400,1596,4,282.2736777467111 
401,1596,5,277.2227960312378 
402,1596,6,279.21654579259393 
403,1596,7,283.51097940687646 
404,1596,8,297.7445828559032 
405,1596,9,902.3917977636238 
406,1596,10,513.2631917005658 
407,1596,11,504.0316097511859 
408,1598,1,1569.9394253539206 
409,1598,2,1569.9226973420264 
410,1598,3,39.552386110076114 
411,1598,4,284.95571408841005 
412,1598,5,281.34753516048517 
413,1598,6,282.115850847032 
414,1598,7,286.3134376827496 
415,1598,8,298.6153704559914 
416,1598,9,882.1429883943188 
417,1598,10,497.3873374911866 
418,1598,11,488.0685568491098 
419,1604,1,1581.4313957077923 
420,1604,2,1581.415535429237 
421,1604,3,50.86424591532709 
422,1604,4,266.73701304445336 
423,1604,5,262.75628997379675 
424,1604,6,263.83417819001414 
425,1604,7,268.06127618564705 
426,1604,8,280.99135414939065 
427,1604,9,896.239506196896 
428,1604,10,492.2725457385246 
429,1604,11,483.0688160223318 
430,1611,1,1594.9169781781154 
431,1611,2,1594.901223697278 
432,1611,3,64.48044373850594 
433,1611,4,260.9735143734155 
434,1611,5,256.10932065748233 
435,1611,6,257.93700699760547 
436,1611,7,262.222709958544 
437,1611,8,276.3597981787148 
438,1611,9,909.8414271817535 
439,1611,10,499.3203380719937 
440,1611,11,490.19552333750147 
441,1612,1,1601.6646275417006 
442,1612,2,1601.6489253741345 
443,1612,3,71.292734382166 
444,1612,4,258.3106149880165 
445,1612,5,252.99281757621793 
446,1612,6,255.2076330447723 
447,1612,7,259.51996296048736 
448,1612,8,274.2664179801094 
449,1612,9,916.6467227317389 
450,1612,10,502.9470423988534 
451,1612,11,493.86273021145536 
452,1633,1,1645.9609706384467 
453,1633,2,1645.9418955802166 
454,1633,3,125.13911157424232 
455,1633,4,313.2410978083888 
456,1633,5,304.41474076268383 
457,1633,6,309.6915275602792 
458,1633,7,314.12377207595483 
459,1633,8,332.99721436856186 
460,1633,9,950.2150684920709 
461,1633,10,578.4483940862373 
462,1633,11,569.3166239080984 
463,1642,1,1649.2368978138288 
464,1642,2,1649.218962309029 
465,1642,3,121.70632523887915 
466,1642,4,291.9965986183076 
467,1642,5,283.05577349077765 
468,1642,6,288.42978531719183 
469,1642,7,292.8637771841725 
470,1642,8,311.9676419950052 
471,1642,9,956.6591714628892 
472,1642,10,564.9905707842181 
473,1642,11,555.9634905384293 
474,1644,1,1641.419978687418 
475,1644,2,1641.4023457325143 
476,1644,3,112.85345446957795 
477,1644,4,286.8003116452017 
478,1644,5,278.36709128019953 
479,1644,6,283.29283854185667 
480,1644,7,287.71948966254513 
481,1644,8,306.225438064798 
482,1644,9,949.8228550657942 
483,1644,10,555.5822951143032 
484,1644,11,546.5423214851562 
485,1648,1,1626.8998388227412 
486,1648,2,1626.8824537878402 
487,1648,3,97.71776812418584 
488,1648,4,283.6225203555022 
489,1648,5,276.14194053085316 
490,1648,6,280.2330575960127 
491,1648,7,284.636672189828 
492,1648,8,301.97569719918573 
493,1648,9,936.2303792452467 
494,1648,10,542.505407441189 
495,1648,11,533.414319062168 
496,1655,1,1639.3127080566442 
497,1655,2,1639.2958010030652 
498,1655,3,108.74022945778705 
499,1655,4,273.6224507041924 
500,1655,5,265.4161521392275 
501,1655,6,270.13968344143245 
502,1655,7,274.56233082247604 
503,1655,8,292.8567659321111 
504,1655,9,949.9183844879212 
505,1655,10,544.2936605498611 
506,1655,11,535.3049889319979 
507,1679,1,1819.6219744293512 
508,1679,2,1819.6147969764722 
509,1679,3,334.39038511224214 
510,1679,4,165.33084009828235 
511,1679,5,145.8116381393508 
512,1679,6,161.99300878295452 
513,1679,7,164.00058550544293 
514,1679,8,192.72837860095873 
515,1679,9,1161.743486980589 
516,1679,10,575.8746959057611 
517,1679,11,569.5570448259234 
518,1680,1,1798.856501259766 
519,1680,2,1798.8496212780797 
520,1680,3,319.07677333442484 
521,1680,4,144.9084463062423 
522,1680,5,125.34142475460753 
523,1680,6,141.46590123476136 
524,1680,7,143.65251854204587 
525,1680,8,172.63387304442708 
526,1680,9,1142.6234570480872 
527,1680,10,554.6904629156893 
528,1680,11,548.3192023744773 
529,1683,1,1819.3143660232447 
530,1683,2,1819.307524480404 
531,1683,3,337.2914999210767 
532,1683,4,161.42746150648978 
533,1683,5,141.97371940395197 
534,1683,6,158.17398833391044 
535,1683,7,160.04483974137935 
536,1683,8,188.56742502116168 
537,1683,9,1162.804830533307 
538,1683,10,572.5729916810905 
539,1683,11,566.3325975865991 
540,1684,1,1819.0467798709756 
541,1684,2,1819.0402748380632 
542,1684,3,340.319193923487 
543,1684,4,157.72583275293962 
544,1684,5,138.36843755023048 
545,1684,6,154.56512127467076 
546,1684,7,156.28983603428495 
547,1684,8,184.56812284950385 
548,1684,9,1163.9209261967846 
549,1684,10,569.3425593702941 
550,1684,11,563.1811697339461 
551,1687,1,1629.59470133418 
552,1687,2,1629.581831110661 
553,1687,3,115.52408674594959 
554,1687,4,202.09344103955922 
555,1687,5,195.71037539006602 
556,1687,6,198.8198633935985 
557,1687,7,203.19093114391154 
558,1687,8,219.79233065922992 
559,1687,9,953.7965245023365 
560,1687,10,484.29364730120574 
561,1687,11,475.66751750563867 
562,1689,1,1642.4299525226074 
563,1689,2,1642.4175285284155 
564,1689,3,130.7086415362274 
565,1689,4,191.67577969460697 
566,1689,5,184.2924673914911 
567,1689,6,188.26685754419768 
568,1689,7,192.67416116464148 
569,1689,8,210.60782910666998 
570,1689,9,967.991599941848 
571,1689,10,487.81150988423167 
572,1689,11,479.3289010737547 
573,1690,1,1621.3904069207208 
574,1690,2,1621.378241121569 
575,1690,3,115.85444392770245 
576,1690,4,191.74769963639682 
577,1690,5,186.47938050699022 
578,1690,6,188.62190623501226 
579,1690,7,192.94181388630264 
580,1690,8,208.27957852106763 
581,1690,9,948.3350772766986 
582,1690,10,469.476512311801 
583,1690,11,460.882170767707 
584,1691,1,1641.74437365589 
585,1691,2,1641.7323176402952 
586,1691,3,133.65184176097083 
587,1691,4,185.1687175669875 
588,1691,5,177.99618774454345 
589,1691,6,181.78301309160273 
590,1691,7,186.18477804079424 
591,1691,8,203.94146314828745 
592,1691,9,968.6684044587538 
593,1691,10,482.6946760711581 
594,1691,11,474.2568729365637 
595,1697,1,1645.0305935245851 
596,1697,2,1645.014103432052 
597,1697,3,113.96005024714061 
598,1697,4,265.51809933973266 
599,1697,5,256.98971563680277 
600,1697,6,261.994427335678 
601,1697,7,266.4233145538083 
602,1697,8,285.15687754571036 
603,1697,9,956.8373799720093 
604,1697,10,542.5748265808378 
605,1697,11,533.6537349273272 
606,1699,1,1665.2434041450658 
607,1699,2,1665.2270723846345 
608,1699,3,134.11972157459667 
609,1699,4,261.8994117924469 
610,1699,5,252.0388697897669 
611,1699,6,258.22301676202784 
612,1699,7,262.66113759770565 
613,1699,8,283.0136083346122 
614,1699,9,977.2570834977787 
615,1699,10,554.5540855901428 
616,1699,11,545.756629773479 
617,1705,1,1643.086589293966 
618,1705,2,1643.070826133445 
619,1705,3,112.35374712713548 
620,1705,4,252.32730044979678 
621,1705,5,244.04002628654223 
622,1705,6,248.82929698797057 
623,1705,7,253.25434349523164 
624,1705,8,271.77216159253913 
625,1705,9,957.2106808483173 
626,1705,10,531.529892924538 
627,1705,11,522.6679381290901 
628,1709,1,1655.6602650199509 
629,1709,2,1655.644964069717 
630,1709,3,125.78106282972297 
631,1709,4,242.94822951386297 
632,1709,5,233.82396523138954 
633,1709,6,239.34919751312108 
634,1709,7,243.78568481170842 
635,1709,8,263.3703914003807 
636,1709,9,971.0805406351184 
637,1709,10,534.2307926425196 
638,1709,11,525.4875482497013 
639,1711,1,1634.4955163923396 
640,1711,2,1634.4804352196513 
641,1711,3,105.57064175526286 
642,1711,4,240.88181933837734 
643,1711,5,233.360674052423 
644,1711,6,237.4754611639819 
645,1711,7,241.88268961653174 
646,1711,8,259.5397957194114 
647,1711,9,950.9729758637851 
648,1711,10,516.551561831437 
649,1711,11,507.7091200021681 
650,1717,1,1667.4097854740662 
651,1717,2,1667.3952999738515 
652,1717,3,140.05878810874384 
653,1717,4,227.4840454453958 
654,1717,5,217.56219232538362 
655,1717,6,223.79283292308637 
656,1717,7,228.2304591767288 
657,1717,8,248.85081920120163 
658,1717,9,985.3275871933682 
659,1717,10,532.1042299997979 
660,1717,11,523.5224169175634 
661,1742,1,1536.3955664410162 
662,1742,2,1536.3813216280691 
663,1742,3,35.5449721788577 
664,1742,4,259.8539333487702 
665,1742,5,259.80107535277676 
666,1742,6,257.59432517388666 
667,1742,7,261.4658553751293 
668,1742,8,269.0559936417884 
669,1742,9,857.6094572357462 
670,1742,10,442.7155912598293 
671,1742,11,433.3872011698059 
672,1814,1,1700.4375852919297 
673,1814,2,1700.4272663051765 
674,1814,3,200.5283020606014 
675,1814,4,151.58865066885204 
676,1814,5,138.63922341698222 
677,1814,6,147.60512075208825 
678,1814,7,151.9365190085644 
679,1814,8,176.39388892746615 
680,1814,9,1032.670009369949 
681,1814,10,506.79501369490333 
682,1814,11,499.04601796004295 
683,1899,1,1618.0881459065345 
684,1899,2,1618.0714382349304 
685,1899,3,87.27344181545082 
686,1899,4,272.6666928470594 
687,1899,5,265.9064981666914 
688,1899,6,269.3686812655985 
689,1899,7,273.7479256304761 
690,1899,8,290.24279587314714 
691,1899,9,929.6096569517008 
692,1899,10,527.4156568773371 
693,1899,11,518.3349492264491 
694,1903,1,1609.368361669344 
695,1903,2,1609.3523394754366 
696,1903,3,78.38571887576035 
697,1903,4,262.13234676720225 
698,1903,5,256.16202237962307 
699,1903,6,258.93869138622813 
700,1903,7,263.2843929304194 
701,1903,8,278.84287435478416 
702,1903,9,923.1881071450273 
703,1903,10,512.3313265434074 
704,1903,11,503.26168746458205 
705,1904,1,1616.1121610983814 
706,1904,2,1616.096191647594 
707,1904,3,85.1756351728129 
708,1904,4,259.8423896088771 
709,1904,5,253.4163390137222 
710,1904,6,256.58559393479106 
711,1904,7,260.95218517459244 
712,1904,8,277.1069337969328 
713,1904,9,929.9940196194101 
714,1904,10,516.0481993451585 
715,1904,11,507.0191881597064 
716,1914,1,1626.855532623009 
717,1914,2,1626.8407712630417 
718,1914,3,99.47577743592397 
719,1914,4,236.3238375238651 
720,1914,5,229.47160829654052 
721,1914,6,233.00240790352316 
722,1914,7,237.38801021629058 
723,1914,8,254.2517361100043 
724,1914,9,944.5264881955102 
725,1914,10,507.06650411569194 
726,1914,11,498.2118629026877 
727,1917,1,1632.7559856065138 
728,1917,2,1632.7416386294599 
729,1917,3,107.29872543376675 
730,1917,4,227.88965382572368 
731,1917,5,220.70159892144372 
732,1917,6,224.52140606893514 
733,1917,7,228.9193853226963 
734,1917,8,246.26728600156088 
735,1917,9,951.7251656380836 
736,1917,10,505.6723094677369 
737,1917,11,496.8964901520841 
738,1976,1,1470.6553977209314 
739,1976,2,1470.6398304174263 
740,1976,3,61.68505010151546 
741,1976,4,315.65464315970064 
742,1976,5,318.28096716772393 
743,1976,6,313.9105166608816 
744,1976,7,317.4339014982106 
745,1976,8,320.67424520341194 
746,1976,9,788.6569779453652 
747,1976,10,427.8113122137183 
748,1976,11,418.1525699580923 
749,1981,1,1469.7232654296045 
750,1981,2,1469.7081044620936 
751,1981,3,64.27770067104227 
752,1981,4,311.02604060284045 
753,1981,5,313.9646576522985 
754,1981,6,309.34131219987523 
755,1981,7,312.82146809502143 
756,1981,8,315.6250183169102 
757,1981,9,789.1849838309241 
758,1981,10,421.42208480322654 
759,1981,11,411.77059453126014 
760,1982,1,1476.4729437625108 
761,1982,2,1476.4578375831047 
762,1982,3,58.18883834737222 
763,1982,4,306.07101315730534 
764,1982,5,308.72733385795846 
765,1982,6,304.3298049041097 
766,1982,7,307.85094305382756 
767,1982,8,311.1126005176924 
768,1982,9,795.9707003033429 
769,1982,10,423.73518905931155 
770,1982,11,414.1061755018649 
771,1987,1,1468.8186872813117 
772,1987,2,1468.8039334631567 
773,1987,3,67.45341568243114 
774,1987,4,306.478371335919 
775,1987,5,309.73756895076394 
776,1987,6,304.8552771129232 
777,1987,7,308.2899914933093 
778,1987,8,310.64239243707283 
779,1987,9,789.7678433555675 
780,1987,10,415.0436427713373 
781,1987,11,405.3999066803192 
782,1993,1,1467.9417201157305 
783,1993,2,1467.9273742393202 
784,1993,3,71.13420878595619 
785,1993,4,302.01530513894943 
786,1993,5,305.60341678742753 
787,1993,6,300.4561505543374 
788,1993,7,303.8431074923499 
789,1993,8,305.72963765494825 
790,1993,9,790.4054434537989 
791,1993,10,408.67650416928814 
792,1993,11,399.0410603530806 
793,1995,1,1494.9826249287426 
794,1995,2,1494.9684816293006 
795,1995,3,51.29613301280757 
796,1995,4,282.0147222017082 
797,1995,5,284.4262881328648 
798,1995,6,280.2181659702401 
799,1995,7,283.7786447346442 
800,1995,8,287.59055515550097 
801,1995,9,817.5177107429374 
802,1995,10,418.7963808038415 
803,1995,11,409.2720531073606 
804,1999,1,1582.93606054517 
805,1999,2,1582.9225237168873 
806,1999,3,70.61539650691199 
807,1999,4,227.7226434307332 
808,1999,5,224.88908131134534 
809,1999,6,224.98214368361084 
810,1999,7,229.12918937690685 
811,1999,8,240.88026420801768 
812,1999,9,905.6911598866071 
813,1999,10,461.4425124513014 
814,1999,11,452.4409925392774 
815,2000,1,1568.618187428292 
816,2000,2,1568.6049452975733 
817,2000,3,64.81000649898401 
818,2000,4,229.04530032929284 
819,2000,5,227.5041318655535 
820,2000,6,226.5158690426079 
821,2000,7,230.54854629101666 
822,2000,8,240.53205492181232 
823,2000,9,892.7465342248558 
824,2000,10,448.3084773484616 
825,2000,11,439.2445070053228 
826,2017,1,1585.437137768202 
827,2017,2,1585.4224628611018 
828,2017,3,61.19953636130815 
829,2017,4,245.57176576933358 
830,2017,5,241.8849392810911 
831,2017,6,242.70600828344112 
832,2017,7,246.9153721456675 
833,2017,8,259.62913516578124 
834,2017,9,904.1480859631334 
835,2017,10,478.48279333118955 
836,2017,11,469.3944232444558 
837,2021,1,1571.052010837053 
838,2021,2,1571.037619910945 
839,2021,3,51.80290336794384 
840,2021,4,246.23261537838698 
841,2021,5,243.7468742814947 
842,2021,6,243.55619587869575 
843,2021,7,247.67017046400014 
844,2021,8,258.7662919388747 
845,2021,9,891.0256780721791 
846,2021,10,465.52364435126924 
847,2021,11,456.37636894589997 
848,2029,1,1542.3351995711841 
849,2029,2,1542.3213922847915 
850,2029,3,44.17768449787127 
851,2029,4,250.34589284371313 
852,2029,5,250.22636488812978 
853,2029,6,248.0704535945158 
854,2029,7,251.9517111610304 
855,2029,8,259.72743095353894 
856,2029,9,864.9913157285894 
857,2029,10,440.0497029260009 
858,2029,11,430.7834034874795 
859,2030,1,1549.0956935374338 
860,2030,2,1549.081932063072 
861,2030,3,47.16897221448653 
862,2030,4,246.2548515771037 
863,2030,5,245.71919711134794 
864,2030,6,243.9048372834558 
865,2030,7,247.83208249938122 
866,2030,8,256.2357609064985 
867,2030,9,871.76748188354 
868,2030,10,443.42540686395375 
869,2030,11,434.200969929543 
870,2063,1,1306.1559112290545 
871,2063,2,1306.1564849366066 
872,2063,3,347.36483049402926 
873,2063,4,380.9824120881177 
874,2063,5,397.27046017313353 
875,2063,6,382.6845352143984 
876,2063,7,382.9317233883496 
877,2063,8,362.5219364870793 
878,2063,9,709.4268535569588 
879,2063,10,148.07161164470293 
880,2063,11,138.70492792754467 
881,2114,1,1195.4941260578858 
882,2114,2,1195.5052044638792 
883,2114,3,529.7358419874807 
884,2114,4,531.7653410013883 
885,2114,5,550.052670053758 
886,2114,6,534.2737490014798 
887,2114,7,533.50914973624 
888,2114,8,508.5954534257756 
889,2114,9,681.1727409969138 
890,2114,10,135.6387294042679 
891,2114,11,136.96640884150764 
892,2123,1,1214.7496199528662 
893,2123,2,1214.7554571529315 
894,2123,3,460.33549557952415 
895,2123,4,486.6746803521218 
896,2123,5,504.0841455324327 
897,2123,6,488.80202480101116 
898,2123,7,488.53114412593317 
899,2123,8,465.60552470513767 
900,2123,9,661.2574177258568 
901,2123,10,134.00275327665506 
902,2123,11,130.0921350873114 
903,2144,1,1288.0620392819976 
904,2144,2,1288.0659753745163 
905,2144,3,397.72851565011854 
906,2144,4,408.84654814856816 
907,2144,5,426.20012077282826 
908,2144,6,410.94792938413434 
909,2144,7,410.7103263195813 
910,2144,8,388.0144967443529 
911,2144,9,713.6276737304369 
912,2144,10,105.40759954243948 
913,2144,11,96.98762318961353 
914,2180,1,1280.3945617818426 
915,2180,2,1280.397583426494 
916,2180,3,390.8327091080455 
917,2180,4,412.8824956721437 
918,2180,5,429.9101903538405 
919,2180,6,414.85729933475443 
920,2180,7,414.77630494020553 
921,2180,8,392.76794489096034 
922,2180,9,701.0082855427241 
923,2180,10,120.35023298301886 
924,2180,11,112.01500739478263 
925,2208,1,1185.1210031884425 
926,2208,2,1185.1337464152177 
927,2208,3,554.1230513580487 
928,2208,4,551.5773795331584 
929,2208,5,570.0391092451986 
930,2208,6,554.1709093455155 
931,2208,7,553.2913848938836 
932,2208,8,527.9551354009895 
933,2208,9,684.5259229445644 
934,2208,10,148.99643810839873 
935,2208,11,151.66012947986852 
936,2250,1,1234.0554224485204 
937,2250,2,1234.0601396296236 
938,2250,3,436.67768758621224 
939,2250,4,463.7505484400295 
940,2250,5,480.9969551722811 
941,2250,6,465.8124466955625 
942,2250,7,465.62347645795114 
943,2250,8,443.073423037827 
944,2250,9,670.688806203238 
945,2250,10,127.70040633478577 
946,2250,11,122.22522505039373 
947,2271,1,1261.4748013798983 
948,2271,2,1261.4875933116764 
949,2271,3,522.1086222146812 
950,2271,4,487.5512008449007 
951,2271,5,506.4716373641685 
952,2271,6,490.3933292815878 
953,2271,7,489.16800667708463 
954,2271,8,462.7194450691056 
955,2271,9,749.7569268752118 
956,2271,10,76.5999367220582 
957,2271,11,81.50606827343275 
958,2296,1,1248.675845933656 
959,2296,2,1248.6858576848144 
960,2296,3,491.6980557936786 
961,2296,4,477.99308739806384 
962,2296,5,496.4454352631601 
963,2296,6,480.58050898639897 
964,2296,7,479.70997255773057 
965,2296,8,454.447513444563 
966,2296,9,719.1537017797614 
967,2296,10,82.63645355529134 
968,2296,11,82.79802954669019 
969,2312,1,1277.6047448512506 
970,2312,2,1277.6154293486486 
971,2312,3,488.36437731072886 
972,2312,4,457.67565965494373 
973,2312,5,476.4192625417174 
974,2312,6,460.41528823481696 
975,2312,7,459.33530519261114 
976,2312,8,433.36813810635033 
977,2312,9,749.0021472330068 
978,2312,10,53.362622923687844 
979,2312,11,55.03900520976855 
980,2321,1,1763.169309733456 
981,2321,2,1763.1679205806122 
982,2321,3,356.94475753181354 
983,2321,4,80.54234116465845 
984,2321,5,70.41290238531134 
985,2321,6,80.21881135009126 
986,2321,7,78.48043613372124 
987,2321,8,95.68401322377872 
988,2321,9,1132.1670154097772 
989,2321,10,477.23500412430093 
990,2321,11,472.1505662260913 
991,2323,1,1776.934956996777 
992,2323,2,1776.9338987729625 
993,2323,3,371.28221280409633 
994,2323,4,95.37749473697508 
995,2323,5,85.61129300972031 
996,2323,6,95.19298794480098 
997,2323,7,93.3158173262577 
998,2323,8,109.16509600345655 
999,2323,9,1147.0904210954182 
1000,2323,10,487.7604741428241 
1001,2323,11,482.86602090211244 
1002,2352,1,1749.3212435230564 
1003,2352,2,1749.318117088771 
1004,2352,3,323.5645763014285 
1005,2352,4,67.07084018649631 
1006,2352,5,50.24164891266664 
1007,2352,6,64.95158436457184 
1008,2352,7,65.24788358211353 
1009,2352,8,90.88020184890024 
1010,2352,9,1110.6200436188467 
1011,2352,10,477.7879422002613 
1012,2352,11,472.08162668528865 
1013,2354,1,1762.974123839009 
1014,2354,2,1762.9709958415895 
1015,2354,3,333.55765316667805 
1016,2354,4,80.39286257377604 
1017,2354,5,63.868669016081 
1018,2354,6,78.40460133237168 
1019,2354,7,78.5306949597509 
1020,2354,8,103.377271737173 
1021,2354,9,1123.8785866034425 
1022,2354,10,490.2158678013485 
1023,2354,11,484.6012244725511 
1024,2363,1,1599.898280514263 
1025,2363,2,1599.8986031527818 
1026,2363,3,296.1752752008002 
1027,2363,4,96.42820384186328 
1028,2363,5,115.61411482380879 
1029,2363,6,99.43526794208478 
1030,2363,7,97.99261947392235 
1031,2363,8,71.89876587122578 
1032,2363,9,983.4126815484075 
1033,2363,10,315.7179758910015 
1034,2363,11,309.8389016432075 
1035,2374,1,1333.2533207997337 
1036,2374,2,1333.2533696328408 
1037,2374,3,326.0191278867431 
1038,2374,4,353.12094558716717 
1039,2374,5,369.3014327364312 
1040,2374,6,354.78269055534446 
1041,2374,7,355.0776708890045 
1042,2374,8,334.96327628709054 
1043,2374,9,731.1744243134857 
1044,2374,10,155.20829103142316 
1045,2374,11,145.5014865753671 
1046,2391,1,1695.7401143922011 
1047,2391,2,1695.7341035121258 
1048,2391,3,246.96227340996825 
1049,2391,4,70.95282856075593 
1050,2391,5,57.69705403506472 
1051,2391,6,66.90159938443578 
1052,2391,7,71.15611743843263 
1053,2391,8,97.12972815351863 
1054,2391,9,1045.6698195067038 
1055,2391,10,456.8365916339766 
1056,2391,11,449.951884449221 
1057,2407,1,1722.0997872708583 
1058,2407,2,1722.0980860633679 
1059,2407,3,324.6593831711871 
1060,2407,4,39.179305694019455 
1061,2407,5,32.615277993944204 
1062,2407,6,39.21686821875499 
1063,2407,7,37.11930915703343 
1064,2407,8,55.90450643299758 
1065,2407,9,1090.8972616052536 
1066,2407,10,441.71357053300335 
1067,2407,11,436.248923716582 
1068,2419,1,1602.2571708944513 
1069,2419,2,1602.2487097577316 
1070,2419,3,154.0312307302271 
1071,2419,4,139.33804507093438 
1072,2419,5,139.7991546407601 
1073,2419,6,137.07659319736115 
1074,2419,7,140.94462906047718 
1075,2419,8,149.83589686882456 
1076,2419,9,944.3259058106921 
1077,2419,10,409.6476517744791 
1078,2419,11,401.44875180992204 
1079,2430,1,1778.1152082146937 
1080,2430,2,1778.108632648459 
1081,2430,3,304.5303319722275 
1082,2430,4,124.88428119548178 
1083,2430,5,105.32460087365442 
1084,2430,6,121.31334156887185 
1085,2430,7,123.73088627337815 
1086,2430,8,152.95162476323884 
1087,2430,9,1123.5974575320026 
1088,2430,10,533.5425779816167 
1089,2430,11,527.1138665667579 
1090,2466,1,1736.2701640823273 
1091,2466,2,1736.264921780951 
1092,2466,3,286.5444271347735 
1093,2466,4,76.6379308434574 
1094,2466,5,57.29417640766045 
1095,2466,6,72.88988740297985 
1096,2466,7,75.66542988715845 
1097,2466,8,105.06284731958033 
1098,2466,9,1088.45950563464 
1099,2466,10,484.44688175424506 
1100,2466,11,478.06477689818047 
1101,2473,1,1763.1672560305587 
1102,2473,2,1763.1630854747543 
1103,2473,3,320.42099680431306 
1104,2473,4,86.84909988762755 
1105,2473,5,68.1615661652257 
1106,2473,6,84.07623026394954 
1107,2473,7,85.24059365527388 
1108,2473,8,112.6942217757733 
1109,2473,9,1119.3684863064284 
1110,2473,10,498.94261646012023 
1111,2473,11,493.03432251558644 
1112,2491,1,1730.6531978494695 
1113,2491,2,1730.6461804437818 
1114,2491,3,260.74490010266993 
1115,2491,4,100.9586053673383 
1116,2491,5,83.37564752166912 
1117,2491,6,96.88285133416676 
1118,2491,7,100.51806087126832 
1119,2491,8,129.1598080740368 
1120,2491,9,1075.4060875378134 
1121,2491,10,496.54316924465905 
1122,2491,11,489.68596180687763 
1123,2543,1,1626.4828070439605 
1124,2543,2,1626.481192087922 
1125,2543,3,273.93734574867017 
1126,2543,4,58.99187179044011 
1127,2543,5,76.64191456847007 
1128,2543,6,61.104103973961756 
1129,2543,7,60.87979099898329 
1130,2543,8,42.80566766113677 
1131,2543,9,999.076105023544 
1132,2543,10,355.80653082661337 
1133,2543,11,349.52754624806494 
1134,2567,1,1717.337143841248 
1135,2567,2,1717.3297420420706 
1136,2567,3,245.73046885588747 
1137,2567,4,102.06928860879543 
1138,2567,5,86.11189932553022 
1139,2567,6,97.95359954799919 
1140,2567,7,101.93377902548045 
1141,2567,8,129.44579978551803 
1142,2567,9,1060.8129222236998 
1143,2567,10,489.11541242989404 
1144,2567,11,482.073458125521 
1145,2587,1,1742.7901536083034 
1146,2587,2,1742.7891380721187 
1147,2587,3,348.1339911768011 
1148,2587,4,62.96759858754001 
1149,2587,5,56.75794072145893 
1150,2587,6,63.39991513939842 
1151,2587,7,60.93296878910799 
1152,2587,8,75.01460685187529 
1153,2587,9,1114.2124900316558 
1154,2587,10,455.63649889529006 
1155,2587,11,450.53980636925894 
1156,2604,1,1763.7651199134586 
1157,2604,2,1763.7651212547946 
1158,2604,3,376.772006650466 
1159,2604,4,90.24065001631085 
1160,2604,5,85.43007323926658 
1161,2604,6,91.11707721832977 
1162,2604,7,88.26092320125785 
1163,2604,8,97.81200601216727 
1164,2604,9,1139.4524648689412 
1165,2604,10,468.3310690699967 
1166,2604,11,463.70654835903923 
1167,2628,1,1608.2798865016557 
1168,2628,2,1608.2722049688036 
1169,2628,3,169.04754397101425 
1170,2628,4,124.53299501225388 
1171,2628,5,125.60204319195658 
1172,2628,6,122.3568734676729 
1173,2628,7,126.16928079367926 
1174,2628,8,134.72657400219762 
1175,2628,9,953.4811641395805 
1176,2628,10,404.8223420146541 
1177,2628,11,396.8166426290347 
1178,2673,1,1723.8110319166967 
1179,2673,2,1723.8125307207958 
1180,2673,3,373.3422788430298 
1181,2673,4,80.73252077935318 
1182,2673,5,87.09790795548079 
1183,2673,6,83.63845149399413 
1184,2673,7,79.39313568216193 
1185,2673,8,72.85056047413016 
1186,2673,9,1108.3743167891637 
1187,2673,10,421.20322085455797 
1188,2673,11,416.8660226503867 
1189,2684,1,1710.8302018215666 
1190,2684,2,1710.8324528583526 
1191,2684,3,377.4775105901791 
1192,2684,4,88.29122294728778 
1193,2684,5,98.0579548313504 
1194,2684,6,91.7296978425912 
1195,2684,7,87.30948673726607 
1196,2684,8,74.15847411042421 
1197,2684,9,1099.7670927248876 
1198,2684,10,404.44816958210794 
1199,2684,11,400.3180863517652 
1200,2685,1,1717.650237095797 
1201,2685,2,1717.6524668614854 
1202,2685,3,381.00562216049167 
1203,2685,4,90.355264979603 
1204,2685,5,98.89059366769415 
1205,2685,6,93.6223476122759 
1206,2685,7,89.24284434622652 
1207,2685,8,78.10010231057531 
1208,2685,9,1106.2126260935836 
1209,2685,10,411.07262677858137 
1210,2685,11,406.9773982522409 
1211,2690,1,1718.0222445338786 
1212,2690,2,1718.0248306610274 
1213,2690,3,386.7586344382993 
1214,2690,4,96.72972311966231 
1215,2690,5,105.56102707015239 
1216,2690,6,100.05248361219303 
1217,2690,7,95.65814474613884 
1218,2690,8,83.55067200370875 
1219,2690,9,1108.4280906012332 
1220,2690,10,409.4509604908791 
1221,2690,11,405.4988409319523 
1222,2706,1,1804.9473193196977 
1223,2706,2,1804.9475865400989 
1224,2706,3,409.5744314176816 
1225,2706,4,129.971785787049 
1226,2706,5,122.42835165695597 
1227,2706,6,130.3703025513936 
1228,2706,7,127.93959779291694 
1229,2706,8,139.2701082590258 
1230,2706,9,1180.638362353293 
1231,2706,10,505.75627471373315 
1232,2706,11,501.44739916881457 
1233,2710,1,1743.7321346578094 
1234,2710,2,1743.7328764481344 
1235,2710,3,374.2557562078346 
1236,2710,4,82.00819075863382 
1237,2710,5,82.68576270007303 
1238,2710,6,83.92644596053388 
1239,2710,7,80.25837633364685 
1240,2710,8,82.65580662531488 
1241,2710,9,1123.755070121334 
1242,2710,10,444.71201382535173 
1243,2710,11,440.2229539254235 
1244,2711,1,1737.1763421065416 
1245,2711,2,1737.1774519935136 
1246,2711,3,375.5914623141996 
1247,2711,4,82.50998743642975 
1248,2711,5,85.41247020926771 
1249,2711,6,84.8345643131026 
1250,2711,7,80.90097177611398 
1251,2711,8,79.82381095872125 
1252,2711,9,1119.2794834309952 
1253,2711,10,436.2321766869637 
1254,2711,11,431.83519457189243 
1255,2713,1,1750.821858621063 
1256,2713,2,1750.822935202058 
1257,2713,3,383.74388313914034 
1258,2713,4,91.58530130681287 
1259,2713,5,92.00946473932373 
1260,2713,6,93.49325093927094 
1261,2713,7,89.83409622377208 
1262,2713,8,91.73193489341217 
1263,2713,9,1132.2786791792025 
1264,2713,10,449.3831300889344 
1265,2713,11,445.0567882160572 
1266,2723,1,1745.3068823638368 
1267,2723,2,1745.3093789831119 
1268,2723,3,401.5149279519186 
1269,2723,4,108.45308919811461 
1270,2723,5,112.82263158198171 
1271,2723,6,111.10400444357288 
1272,2723,7,106.98739402132355 
1273,2723,8,101.55155112766151 
1274,2723,9,1134.2104295040535 
1275,2723,10,436.12159843537097 
1276,2723,11,432.29114262943637 
1277,2733,1,1574.0356513799766 
1278,2733,2,1574.0379738542883 
1279,2733,3,322.7607569612623 
1280,2733,4,137.50386494467216 
1281,2733,5,157.00297625364104 
1282,2733,6,140.82444886963987 
1283,2733,7,138.88624103761038 
1284,2733,8,110.89274635498712 
1285,2733,9,969.418217961036 
1286,2733,10,276.66029585244826 
1287,2733,11,271.31911959037706 
1288,2750,1,1778.72115086938 
1289,2750,2,1778.7228504425716 
1290,2750,3,411.2420925518372 
1291,2750,4,120.77373571691369 
1292,2750,5,119.10625598870665 
1293,2750,6,122.36403147248963 
1294,2750,7,118.93806785214039 
1295,2750,8,122.13931687028148 
1296,2750,9,1162.362200026644 
1297,2750,10,472.497461040446 
1298,2750,11,468.5474940173735 
1299,2756,1,1635.0937435724595 
1300,2756,2,1635.0954920844667 
1301,2756,3,332.6143012534462 
1302,2756,4,88.19411466904131 
1303,2756,5,107.27742707015811 
1304,2756,6,92.13485386279956 
1305,2756,7,88.9942432828897 
1306,2756,8,59.65983233557321 
1307,2756,9,1024.5244673715747 
1308,2756,10,336.48459350358706 
1309,2756,11,331.55627562493913 
1310,2757,1,1601.3199348249343 
1311,2757,2,1601.3221668629806 
1312,2757,3,328.63128759040666 
1313,2757,4,116.10321452921885 
1314,2757,5,135.66310379422458 
1315,2757,6,119.71946403782263 
1316,2757,7,117.27064332839724 
1317,2757,8,88.28290460420635 
1318,2757,9,994.8741639354055 
1319,2757,10,302.0566595979159 
1320,2757,11,296.99575809316957 
1321,2760,1,1621.787634583706 
1322,2760,2,1621.7898002929526 
1323,2760,3,334.4276579177562 
1324,2760,4,101.92148085724642 
1325,2760,5,121.23777697611845 
1326,2760,6,105.76927912310742 
1327,2760,7,102.85041185146233 
1328,2760,8,73.45370176142043 
1329,2760,9,1014.0305436790267 
1330,2760,10,321.31847445132047 
1331,2760,11,316.44114369384715 
1332,2761,1,1628.6046623754225 
1333,2761,2,1628.6068059477916 
1334,2761,3,336.6062926307403 
1335,2761,4,97.69137089425065 
1336,2761,5,116.83128362819589 
1337,2761,6,101.61117792935052 
1338,2761,7,98.52127642362248 
1339,2761,8,69.15492740232283 
1340,2761,9,1020.4199819824902 
1341,2761,10,327.7698300544359 
1342,2761,11,322.94907859781415 
1343,2812,1,1709.3593860028013 
1344,2812,2,1709.3598477642947 
1345,2812,3,348.98832177266775 
1346,2812,4,56.586987449425045 
1347,2812,5,64.55018058548615 
1348,2812,6,59.643874770731664 
1349,2812,7,55.33068436235582 
1350,2812,8,49.620595420781136 
1351,2812,9,1089.1955294236257 
1352,2812,10,414.2352541431743 
1353,2812,11,409.41563009847596 
1354,2835,1,1670.2801832712144 
1355,2835,2,1670.282931409026 
1356,2835,3,364.4212148579871 
1357,2835,4,93.47967847111869 
1358,2835,5,109.35448819269916 
1359,2835,6,97.55908415956281 
1360,2835,7,93.40302706110471 
1361,2835,8,68.86588791735002 
1362,2835,9,1063.4880317405791 
1363,2835,10,363.0265025860888 
1364,2835,11,358.8200725598956 
1365,2841,1,1657.4871884485688 
1366,2841,2,1657.4907211023299 
1367,2841,3,371.4135217431831 
1368,2841,4,109.8451696579113 
1369,2841,5,126.63944657240795 
1370,2841,6,113.95858718734475 
1371,2841,7,109.9715992271834 
1372,2841,8,83.57627502237587 
1373,2841,9,1055.47117458051 
1374,2841,10,346.4152518230775 
1375,2841,11,342.45881163889607 
1376,2843,1,1684.7499411670706 
1377,2843,2,1684.7533674686588 
1378,2843,3,382.3999779540934 
1379,2843,4,105.39857668841414 
1380,2843,5,119.42195150724632 
1381,2843,6,109.3518779512851 
1382,2843,7,105.00968622515164 
1383,2843,8,83.38565838652383 
1384,2843,9,1080.9652843047452 
1385,2843,10,373.0694814401359 
1386,2843,11,369.25619346285237 
1387,2845,1,1651.1324665909663 
1388,2845,2,1651.1363958123916 
1389,2845,3,375.2288755487165 
1390,2845,4,118.35506613867645 
1391,2845,5,135.4822082344519 
1392,2845,6,122.47105861545111 
1393,2845,7,118.56133007921486 
1394,2845,8,91.56605481463177 
1395,2845,9,1051.5668777173196 
1396,2845,10,338.21086521150056 
1397,2845,11,334.38981530635476 
1398,2849,1,1651.6225174728913 
1399,2849,2,1651.6268163303043 
1400,2849,3,381.5498388350803 
1401,2849,4,124.77990662831638 
1402,2849,5,141.73533134732824 
1403,2849,6,128.89554564166593 
1404,2849,7,124.9501804224254 
1405,2849,8,98.15708316060852 
1406,2849,9,1054.0639546662596 
1407,2849,10,336.78114644982804 
1408,2849,11,333.13781166377663 
1409,2860,1,1784.4632709206442 
1410,2860,2,1784.4635785210362 
1411,2860,3,395.4334181180346 
1412,2860,4,111.44029840208475 
1413,2860,5,105.49839257346292 
1414,2860,6,112.145724310471 
1415,2860,7,109.43944904232623 
1416,2860,8,119.277085369179 
1417,2860,9,1160.9885470764414 
1418,2860,10,486.0079082815287 
1419,2860,11,481.6048464880832 
1420,3189,1,712.0823808442036 
1421,3189,2,712.0530209427347 
1422,3189,3,833.8851400024253 
1423,3189,4,1028.2198202296443 
1424,3189,5,1040.168457517435 
1425,3189,6,1028.6459229448437 
1426,3189,7,1030.2818072526738 
1427,3189,8,1017.1071568973782 
1428,3189,9,54.977013216149366 
1429,3189,10,755.907910512275 
1430,3189,11,752.4040830122905 
1431,3251,1,601.0897111025624 
1432,3251,2,601.0512814664884 
1433,3251,3,962.5024941831648 
1434,3251,4,1160.1525368704697 
1435,3251,5,1172.0823879053426 
1436,3251,6,1160.576246107178 
1437,3251,7,1162.2145336661401 
1438,3251,8,1149.0103239364516 
1439,3251,9,120.41793479190221 
1440,3251,10,880.97184553203 
1441,3251,11,877.9352410496483 
1442,3278,1,615.3141540633015 
1443,3278,2,615.2834374363921 
1444,3278,3,929.8838649495383 
1445,3278,4,1118.0059229113397 
1446,3278,5,1130.4816066170033 
1447,3278,6,1118.5753640007035 
1448,3278,7,1120.0656468075022 
1449,3278,8,1105.94201484245 
1450,3278,9,111.63767902877005 
1451,3278,10,828.661950965903 
1452,3278,11,825.9112977942008 
1453,3279,1,628.2027869998461 
1454,3279,2,628.1726608955497 
1455,3279,3,916.3026147526954 
1456,3279,4,1104.600470756521 
1457,3279,5,1117.0462042089864 
1458,3279,6,1105.1615355210058 
1459,3279,7,1106.6603989460477 
1460,3279,8,1092.5943126909117 
1461,3279,9,101.86742914519674 
1462,3279,10,816.5962464788662 
1463,3279,11,813.7747542916472 
1464,3283,1,602.5392931859988 
1465,3283,2,602.5109753530363 
1466,3283,3,937.989356983643 
1467,3283,4,1121.5196356065542 
1468,3283,5,1134.277461006801 
1469,3283,6,1122.1662969138715 
1470,3283,7,1123.5770826553264 
1471,3283,8,1108.9634906452152 
1472,3283,9,130.66590700722054 
1473,3283,10,825.6884090905082 
1474,3283,11,823.179969362315 
1475,3296,1,583.0832650414702 
1476,3296,2,583.0540639542988 
1477,3296,3,958.3386159526457 
1478,3296,4,1141.7024574045224 
1479,3296,5,1154.4979422812085 
1480,3296,6,1142.3598401398963 
1481,3296,7,1143.759524439736 
1482,3296,8,1129.0722509882023 
1483,3296,9,145.5082910944242 
1484,3296,10,844.1121327629872 
1485,3296,11,841.7020857607314 
1486,3347,1,616.5419790542995 
1487,3347,2,616.5172023050345 
1488,3347,3,919.4095366384054 
1489,3347,4,1098.4459458697725 
1490,3347,5,1111.4341854525803 
1491,3347,6,1099.1559845582274 
1492,3347,7,1100.5009716934755 
1493,3347,8,1085.4961070159245 
1494,3347,9,134.35607849322895 
1495,3347,10,798.5399407450038 
1496,3347,11,796.1448728847012 
1497,3353,1,641.2649516799137 
1498,3353,2,641.2420006212252 
1499,3353,3,893.025420892597 
1500,3353,4,1070.565244765283 
1501,3353,5,1083.5975688986914 
1502,3353,6,1071.2870618089291 
1503,3353,7,1072.6197725986908 
1504,3353,8,1057.5501603729863 
1505,3353,9,128.77536396082604 
1506,3353,10,771.0413026747573 
1507,3353,11,768.5813120343287 
1508,3357,1,619.8208999146423 
1509,3357,2,619.7981967721146 
1510,3357,3,914.0734195136079 
1511,3357,4,1089.9613758288178 
1512,3357,5,1103.1173262413342 
1513,3357,6,1090.7181466497277 
1514,3357,7,1092.0142893999443 
1515,3357,8,1076.7198552700265 
1516,3357,9,142.95785647455676 
1517,3357,10,786.6888008027445 
1518,3357,11,784.407776188414 
1519,3382,1,606.5880490120275 
1520,3382,2,606.5648921696779 
1521,3382,3,927.603250824824 
1522,3382,4,1103.4734590507153 
1523,3382,5,1116.6502751266673 
1524,3382,6,1104.2363276494016 
1525,3382,7,1105.5260713992172 
1526,3382,8,1090.189360663663 
1527,3382,9,149.47459277421265 
1528,3382,10,799.099207691857 
1529,3382,11,796.8845605078903 
1530,3433,1,747.0299026509598 
1531,3433,2,746.9961533209495 
1532,3433,3,813.2532297451642 
1533,3433,4,1019.159911195021 
1534,3433,5,1030.3260528471392 
1535,3433,6,1019.3814227962881 
1536,3433,7,1021.220729992367 
1537,3433,8,1009.3817441550651 
1538,3433,9,32.617713673264625 
1539,3433,10,765.4718358557719 
1540,3433,11,761.365404418116 
1541,3443,1,807.2633207781678 
1542,3443,2,807.2236923233507 
1543,3443,3,784.7775105505965 
1544,3443,4,1008.3686553923745 
1545,3443,5,1018.2137775503885 
1546,3443,6,1008.2589156139584 
1547,3443,7,1010.4167961951078 
1548,3443,8,1000.7921223595366 
1549,3443,9,94.95224090721628 
1550,3443,10,785.8073197576416 
1551,3443,11,780.8119894085255 
1552,3445,1,789.2827921886177 
1553,3445,2,789.2438425455882 
1554,3445,3,796.7539378101626 
1555,3445,4,1016.8661872383108 
1556,3445,5,1026.9959380102762 
1557,3445,6,1016.8265905616593 
1558,3445,7,1018.9181239607258 
1559,3445,8,1008.8164614831547 
1560,3445,9,75.76808438498183 
1561,3445,10,787.1309400535552 
1562,3445,11,782.341995945909 
1563,3510,1,646.1214858407401 
1564,3510,2,646.0790583335424 
1565,3510,3,936.3730597275012 
1566,3510,4,1144.2818965518027 
1567,3510,5,1155.4957297073108 
1568,3510,6,1144.5183151961023 
1569,3510,7,1146.3429876379378 
1570,3510,8,1134.3609382354998 
1571,3510,9,92.58689800583242 
1572,3510,10,881.8654471987759 
1573,3510,11,878.2570731947903 
1574,3526,1,698.3057191528633 
1575,3526,2,698.2671698369596 
1576,3526,3,875.0356005199455 
1577,3526,4,1083.4364874023781 
1578,3526,5,1094.5308101871074 
1579,3526,6,1083.6410074805112 
1580,3526,7,1085.4969894661233 
1581,3526,8,1073.7451390670292 
1582,3526,9,32.328861129304656 
1583,3526,10,827.1597906693953 
1584,3526,11,823.2576774324704 
1585,3547,1,682.7647099099464 
1586,3547,2,682.7386048626197 
1587,3547,3,856.0727768991519 
1588,3547,4,1041.989085564761 
1589,3547,5,1054.4830058142322 
1590,3547,6,1042.5620193347265 
1591,3547,7,1044.0487366548546 
1592,3547,8,1029.928659170405 
1593,3547,9,88.04129106398733 
1594,3547,10,756.304303221963 
1595,3547,11,753.2831965903229 
1596,3560,1,679.2278841931501 
1597,3560,2,679.2034342957438 
1598,3560,3,857.1625371859789 
1599,3560,4,1039.8009027436242 
1600,3560,5,1052.4871120973428 
1601,3560,6,1040.4263356515705 
1602,3560,7,1041.8590690698181 
1603,3560,8,1027.4068261883035 
1604,3560,9,101.52073723717677 
1605,3560,10,749.8363484352872 
1606,3560,11,746.9631559634463 
1607,3562,1,677.5519753431121 
1608,3562,2,677.528362740323 
1609,3562,3,857.7882216354294 
1610,3562,4,1038.7723240500636 
1611,3562,5,1051.5541765796902 
1612,3562,6,1039.424048235732 
1613,3562,7,1040.829617129404 
1614,3562,8,1026.2116398924181 
1615,3562,9,108.266094996751 
1616,3562,10,746.6745323021378 
1617,3562,11,743.8765251658666 
1618,3573,1,663.4507991351851 
1619,3573,2,663.431287177566 
1620,3573,3,868.4552824815513 
1621,3573,4,1041.0416150904114 
1622,3573,5,1054.3063644526544 
1623,3573,6,1041.8281092728944 
1624,3573,7,1043.0930581716548 
1625,3573,8,1027.6296265221993 
1626,3573,9,142.60315297203735 
1627,3573,10,737.7662318544554 
1628,3573,11,735.3931003686389 
1629,3577,1,662.1516610580516 
1630,3577,2,662.1330292888838 
1631,3577,3,869.3843493581 
1632,3577,4,1040.2735803727487 
1633,3577,5,1053.6309561015482 
1634,3577,6,1041.0862747663782 
1635,3577,7,1042.323617950818 
1636,3577,8,1026.697580749784 
1637,3577,9,149.33217708454083 
1638,3577,10,734.9230636666043 
1639,3577,11,732.6294376425466 
1640,3625,1,650.0229996563994 
1641,3625,2,649.9901007238624 
1642,3625,3,901.6407643669004 
1643,3625,4,1096.1826619914084 
1644,3625,5,1108.2251602314927 
1645,3625,6,1096.6351387800044 
1646,3625,7,1098.2444210931656 
1647,3625,8,1084.8754996693249 
1648,3625,9,73.33723283836378 
1649,3625,10,817.7133921697201 
1650,3625,11,814.5461397905021 
